0.6244123041210369,0.6471570686709549,0.5826329144386304,0.31653365661484417,0.21069698473694595,0.17881208379825816,0.1378376788450654,0.11910901919187326,0.10977540504687665,0.12167449090333375,0.10685150599569423,0.23577623086540833,0.45839832811159714,0.675913777549498,0.7904352324080937,0.8545261895943197,0.8930665915222405,0.9236812018146802
0.643703779660381,0.4830927528810795,0.5256146834710391,0.379186700364942,0.3288298539719707,0.24283932424440147,0.16965482210231345,0.12691689583891247,0.1309581065914338,0.15121000719318006,0.1795138578657828,0.3666755529541194,0.9157646420600931,0.7099635731778868,0.6808344059440375,0.7776709001248638,0.9220900844327421,0.11699752964935949
0.6657605956321869,0.6252055313076976,0.5792287219497865,0.38920571991169467,0.32432430132205037,0.2516880248943018,0.16586949663971698,0.13684863477184117,0.12480347161369514,0.22389777558740326,0.32566543777207224,0.4990559473380325,0.86513503004159,0.34604541789008236,0.5197167229729938,0.7694392954758507,0.904579293687538,0.6149379644182538
0.6800140587728035,0.6755435765778078,0.5894675785095823,0.25875663961123524,0.16282452034412864,0.15632461967586,0.22064099531479836,0.2652384274425769,0.27141626709482486,0.23643169237169104,0.257584426303935,0.3702314509913211,0.39755134080502086,0.6523041213255831,0.7319225911733652,0.7366649700927154,0.7291607225341792,0.6432570913583023
0.6984830225806082,0.6314270262355457,0.6283372126960651,0.3800097834430492,0.30485174004213983,0.21721725880854334,0.16633808148187992,0.15356469305068515,0.1537725315864273,0.2232633551403548,0.17874633302829546,1.0031789961423856,0.5906213872452306,0.267435465297827,0.9538828608572896,0.898917442043649,0.928496626016168,0.18004892736408654
0.5707365359219985,0.3793894347931781,0.2513978368663074,0.1485421391222788,0.30035764693585565,0.36908801956723125,0.2899450427699751,0.3652721913891185,0.44308107799289653,0.4117650172376758,0.3224892319341442,0.07563603508448555,0.12265360147884684,0.0515476127726972,0.0967369189996016,0.08948302880650567,0.20878732210819004,0.22606862744222328
0.6324847651682097,0.39154575587606205,0.33683048841853264,0.23640084717019477,0.1452513485022106,0.15685725289453317,0.15377859666526855,0.1735240179192312,0.17527267074249972,0.16161319588320208,0.15590063541288846,0.18671969410174638,0.11751295666062876,0.21079935354289486,0.451523047332322,0.6113396175480089,0.8398352223129129,0.9246402735034851
0.6430506967631197,0.630808341179393,0.5961293399023454,0.3203201892467092,0.21807703512095702,0.21906966609743436,0.16052764038608894,0.1469337680605841,0.11920258202559683,0.11673162152376775,0.12216115508091621,0.25696489091629093,0.39102633382940494,0.5079437342609574,0.6430075468342948,0.6508449194479352,0.6269229158957547,0.7638453402085494
0.5934845428284505,0.6032665917319232,0.49767611381559773,0.1908020102690487,0.15275151772421805,0.1283854448184399,0.16242911873918453,0.16302078893163152,0.17135629936461141,0.16598462863700622,0.16405163843780232,0.3255374354835502,0.49402918334135065,0.5499610074929981,0.5080591890136715,0.5562183703840016,0.4966865824771759,0.4230459384591385
0.6504116304936536,0.598501286590252,0.59429496726445,0.44488902706547484,0.30801258811132476,0.2399457465237479,0.15626406867099826,0.14388926553709608,0.11532487950967425,0.10268176549454328,0.15103384721012073,0.21132435292622873,0.42063143146390264,0.5385120309440218,0.6884090755572222,0.7440855181825065,0.8100159018244649,0.9316772222361925
0.6732597710400237,0.6473287979739555,0.5318031614254032,0.3444142086413566,0.26543150430760665,0.2432113260065193,0.18371556888774315,0.14213274766293435,0.12860220932434915,0.22689563667683507,0.35807949240922327,0.482665962696661,0.5959557234745217,0.4006636345019426,0.5621768995676205,0.7906262879764878,0.7732192660158127,0.8822102392137177
0.6484895884174827,0.7172620509964092,0.5836954574910933,0.2022600488252235,0.1852570372913793,0.17108195910081803,0.2354260807135817,0.20970193955672442,0.24444693851261676,0.20693170427409965,0.23964449716814287,0.34235763256065777,0.5932345390545842,0.7385822983452296,0.7997511249108182,0.8455254786820656,0.9204263364180786,0.9020751044257793
0.6514561931337287,0.7307257589426003,0.6545111413572362,0.5052896608475321,0.292465552045392,0.1915396002758191,0.1499088641232183,0.11313220402611372,0.11470275786535493,0.13847804814776765,0.14309806209599973,0.25975734978724097,0.46775037500313277,0.6305495612486034,0.7150327741371856,0.8778469682981143,0.909061962667629,0.9268653633162633
0.6224634846570531,0.6549912067702771,0.5057548113109797,0.2647136603095946,0.1921047179542917,0.21042480299737015,0.12358661575963273,0.10053588488951584,0.06150248391426461,0.022155338870798204,0.03992978793285281,0.05575396515827586,0.09916082610369116,0.3926356266945291,0.648689613958198,0.643539038109088,0.7953054086368532,0.760813890842404
0.600118520756186,0.6685777695404285,0.45374628240861353,0.25371445172937646,0.11506707595482032,0.04395946775264774,0.03136962395496521,0.020238941550845876,0.03826686564900262,0.11026102907803638,0.07152496280554725,0.18173759248976826,0.12871903535106874,0.26920732503896583,0.4982686970461195,0.884988068036601,0.6369665615507839,0.36807207256441377
0.6478304212472533,0.6125299727877009,0.4794317854367356,0.3741713050404419,0.3401745227443141,0.246314398990387,0.1662431889739183,0.14508743294362186,0.12323862751890567,0.10500030402655644,0.15529902262004602,0.06543985058406591,0.07032006431281941,0.08624309064955296,0.5171878670386956,0.9288759596230436,0.8561283309642675,0.9229622267097918
0.6224645493994945,0.6550531310340509,0.5057929935900595,0.2655568551385444,0.19491211425084157,0.21394665785691086,0.12653399013904398,0.10280735394677708,0.06342814140905682,0.024296223810532626,0.042221689529842704,0.057706167324936206,0.10145388727747359,0.3946836119239865,0.6509171208616057,0.6455838606004717,0.7966051073794107,0.7604202081454388
0.6514553699184742,0.7306941229518781,0.6542982680599558,0.5049323378221228,0.2923902440096407,0.19152393798197476,0.15018986186909122,0.11342760706821545,0.11495893536902359,0.1387878175733057,0.14346955548665422,0.2605742384654801,0.4680146079353616,0.6292499270494979,0.7124099968417059,0.8739171292191297,0.9048667885579816,0.9230204481733113
0.6484869820926171,0.7173081450916644,0.583911259251199,0.20260775362498062,0.18542749040453285,0.1706793091212435,0.23456850833969642,0.20844457596996407,0.243393441075391,0.20627266864367538,0.23920089902713781,0.34063298644972934,0.5896290816073272,0.7337304287556183,0.7944629833180911,0.8411953705236871,0.9167376762020305,0.8967102242703835
0.7048976750966561,0.7979429011389749,0.5804586818922066,0.26110103350411745,0.28249260736932047,0.2422315693501834,0.13681228605869136,0.13658979864194773,0.05820508941010612,0.025381979971036812,0.06990287223108722,0.06962728950307548,0.16826324752324984,0.3815456485064328,0.6845191690260308,0.6430572223586524,0.7948812568532032,0.8215528626300544
0.6344476199002281,0.6923957662310889,0.6476928368851805,0.35317255924424934,0.2319918797789516,0.20715285760101917,0.18031673098816,0.14002047794436587,0.1562018708900801,0.15388357812753578,0.16960161533319948,0.2817321563644172,0.420598408211288,0.5901126214854316,0.763317114946186,0.8731660866294193,0.8934490878311384,0.9320801428799484
0.6687086235548954,0.63446810024958,0.583569857909366,0.20609621778964543,0.1546592379065318,0.18144006998934217,0.2186425666857502,0.20979430737677268,0.2124129534010026,0.1944808877074281,0.21344241531963634,0.4085774696070874,0.640399516900376,0.7426179206939044,0.7412070507395065,0.8132944863645793,0.8038612363295145,0.7519949357364182
0.6545420698768676,0.5573223918488752,0.5013864248000237,0.437638477632732,0.40733441110435703,0.2923365222015275,0.22709864992128453,0.16564526722316872,0.1429497444539542,0.16838868315701885,0.26652103925416315,0.6608975155647563,0.8226024526565592,0.9057184981494655,0.7279518717249998,0.5602292262427838,0.7244561047363189,0.9035226494496759
0.6444360962071348,0.6709529351438007,0.6080575070516534,0.394620854329074,0.29230635467532423,0.25977487335361776,0.18978764050841873,0.15379818440191792,0.17433943922655226,0.1321849865323777,0.13416381309678904,0.2637139254773389,0.33970530222153195,0.6326623366803332,0.8239656989713817,0.8508710936646348,0.7478789635616063,0.9003394743025084
0.6118895281232509,0.5791390729396216,0.4969664874715642,0.41321494741022785,0.1718776884677785,0.05385946534501803,0.04139037402754672,0.03588286491805631,0.03233989641132597,0.058226706140049364,0.06441597537308794,0.3067532302058526,0.5259544749414883,0.6831708833428665,0.7571047714590289,0.6806062981037746,0.7829749027434477,0.8777949830287832
0.551151828649936,0.28912788273909007,0.1671051285405036,0.05224203767293482,0.04626249065367181,0.04245237840522433,0.014803040471980815,0.055191069615569806,0.06444859466976942,0.09892369701200962,0.1773643785446934,0.2561259422045311,0.48338520659225465,0.5761184163288525,0.6945644782787627,0.8046273450368171,0.8445878802165336,0.7605247696950883
0.5970815688853366,0.5855229874013473,0.43168032650933136,0.34192860136334885,0.22451029442120315,0.19444504933355483,0.1529156952128611,0.12401746397575814,0.11950809527106825,0.1044515291518569,0.08373196042375645,0.19499968035884957,0.08315409315236638,0.0592513424681894,0.09985999914294333,1.0305103217833071,0.95143559978363,0.9021610303607749
0.5919651204362656,0.31169641898814704,0.15729141932012106,0.0670822037480816,0.05678236538934547,0.03420156393889044,0.03007738466600803,0.06843372183639736,0.07251258704797654,0.10085631279141175,0.19062124684488185,0.26602329972239874,0.479120386791175,0.571213086750158,0.704405995667802,0.8589388502458675,0.8588002291722474,0.7730475427372071
0.6146519239432716,0.574761902522104,0.5032706031804308,0.3939921461579872,0.1842900216343254,0.062316693612234166,0.050160097334715895,0.03873585332875756,0.031364065876152196,0.05600027515774446,0.07135891153648083,0.2625857032047511,0.4999910686743652,0.6962528543914464,0.7750947902407217,0.7150371430275465,0.7875399509733989,0.8771668001550894
0.6738036738587062,0.6261499276613799,0.5557228139816278,0.5142468064860009,0.45802170130454617,0.38758516621752576,0.2856227932894483,0.20397882697984812,0.15721149697909192,0.1621158253512218,0.14848560320586945,0.10781783175934255,0.057802984753953644,0.5394612472175123,0.9217652542713151,0.8815492778534739,0.7525751677016412,0.6411224137383905
0.6529459093599375,0.6710555641458279,0.5745773634945168,0.23835583838449642,0.1698848453518382,0.18812898618201462,0.2006728670072484,0.19905732213514313,0.12353316911817591,0.10173999026076846,0.08981214366867885,0.1554742747555836,0.3318118979210535,0.6248503964295867,0.843009377767535,0.9443477658186481,0.958566754292324,0.9608437637155236
0.5896829191346854,0.4964536097172081,0.22601148003418578,0.17397123677629994,0.16205602226376373,0.11073528065286616,0.09418493119105736,0.07550007411881882,0.23232611635832617,0.1776216280224044,0.11439573548911477,0.11707077741723015,0.3425370788159509,0.3298480954132811,0.7640743863926983,0.7554912639866274,0.8253879550499925,0.7972031649585898
0.6996739567820097,0.6875730395413131,0.6280870089913847,0.46529199035708163,0.22789511746581628,0.19097628418681653,0.15457463134766278,0.10763771106934256,0.10172560119130278,0.12310206989062288,0.16730595848807656,0.18591561025406309,0.4203826199278348,0.5957322777898081,0.9239828433753536,0.9669897417667667,0.9735949568250543,0.9763531588668898
0.6996739567820097,0.6875730395413124,0.628087008991385,0.4652919903570819,0.2278951174658166,0.19097628418681664,0.1545746313476628,0.10763771106934233,0.1017256011913028,0.12310206989062249,0.16730595848807628,0.18591561025406297,0.4203826199278347,0.5957322777898078,0.9239828433753534,0.9669897417667667,0.9735949568250541,0.9763531588668901
0.6293295741835767,0.6521925911038794,0.5362212317103312,0.2238003092799136,0.16373426983286343,0.16900846457394406,0.18676720456574647,0.15142635894325918,0.11224274527358563,0.13948529077764812,0.1593026403459106,0.2109786235992563,0.3567440920368537,0.611872593232263,0.8786456543356215,0.9029171256273277,0.9477777342425493,0.964672154438102
0.6167050474656206,0.5838523864964664,0.5447405562512738,0.31894159825121504,0.2854756326442958,0.2517555285040625,0.21396942000395233,0.22476632299256202,0.2255287534013342,0.2531363610066112,0.43159078224707814,-0.004949086846158136,0.8027662645203025,0.9543607692563524,0.9785620616581612,0.765382442673451,0.38675288401508545,0.8645921591528801
0.6094385718063062,0.5699632159652557,0.5991780492234665,0.45012139989261746,0.19653320444545408,0.08889770123999013,0.1022354491044589,0.11122700896047277,0.10827863689080473,0.1168164518160845,0.16113132269085326,0.2206558363004384,0.5774999992704839,0.810177737117272,0.8952900303032494,0.9131807981824024,0.9030020063344437,0.9159563177297713
0.6679258299785359,0.648653616862311,0.6059400223568185,0.5123156971773829,0.47161221439196,0.3739493405814354,0.3930262847808728,0.4953701532209917,0.45726393151735034,0.44230889033615206,0.40752046135201253,0.48690509871377263,0.5853372596080553,0.6875579038798073,0.6527451760369622,0.8165164153108923,0.8078424060656216,0.883689117218107
0.6310400799378972,0.590593435168126,0.5438511526984996,0.4608195664833843,0.4278985977675794,0.31109128361647914,0.342375094409714,0.45291880450451927,0.42164657638350755,0.4081350079662441,0.3642322468469834,0.4229738113381855,0.567230319567975,0.6487578155372995,0.6401483080990937,0.7943000318704089,0.7963189927667871,0.845782518104053
0.618468687120927,0.6923762884487835,0.5658318198484233,0.3811966586220334,0.3081610643545624,0.20824439392743432,0.1686464673497643,0.16778058525759862,0.18710224959531016,0.13215742258692162,0.12310904335863541,0.2660831798713628,0.4437047200262634,0.6607396425486138,0.9054221294831092,0.9012893711094717,0.9180212874390982,0.9275277651330689
0.5815274301381895,0.5262033178674012,0.49094456212926324,0.4210316776322469,0.3784113383998184,0.2396947753641686,0.2929979476391124,0.4043299570737279,0.38944852465910956,0.372527960829105,0.32633210370740284,0.35261889429878907,0.5628337541541732,0.620834866722609,0.630220280869316,0.7676221057624434,0.7911489613571034,0.8074474235860921
0.6045713637072196,0.5664737265255575,0.47355988231272345,0.23930948653743953,0.15653070467651628,0.15825536440077306,0.1756227845196449,0.15875319740017682,0.14222113020316188,0.1490755858966322,0.12580099865515856,0.17431066499354836,0.3672621526126332,0.6097508892090117,0.845032100663647,0.8682605294498591,0.8543146499712808,0.9613233258624475
0.6636249485101074,0.5812198800773364,0.46559075773111985,0.3501546326139089,0.25993203119552816,0.21441094560619406,0.18260311272325688,0.16396573880672555,0.16114799343400726,0.17078496707996457,0.4669308984475241,-0.05965484206048303,0.9975393865956466,0.9203688068250689,0.937734935240263,1.0370540675833417,0.9624207868620211,0.9429408855309593
0.6772891332735282,0.31281355016294643,0.3497645937923997,0.3629092630402381,0.2778733089580614,0.1935831772413201,0.18583724433757207,0.1943389539810484,0.15866690483660112,0.154713408925322,0.1242486962063578,0.07330462108839264,0.11679404060904523,0.790219936802492,0.883489544051788,0.9277189219564111,0.9030363992069169,0.7566736178232634
0.6043449485044509,0.5837085885332884,0.44536024254320444,0.21984240864507185,0.14374206723741403,0.08249197262918216,0.029257853376842325,0.004057950726521071,0.01157851691432616,0.005793998430028958,0.004704916914943566,0.00868331376403594,0.08390931027580684,0.30522709706433926,0.4997113485102037,0.12481084966168296,0.8052612947229361,0.9497709975973885
0.6478499386980382,0.30798450103729,0.09739310309188673,0.09941836774056761,0.06028139791686272,0.03116306660453297,0.004789678661338427,0.0640483164849714,0.18303690624204155,0.0837187119120496,0.32867071798608627,0.3434997504542747,0.2698892407617529,0.7915024943559045,0.6138127406510935,0.5000494703582178,0.6553179742787086,0.8696600123795497
0.6370140450208945,0.5019114114912278,0.16730310731151157,0.20457874848528848,0.25506749102741827,0.11537243178730279,0.06026623307307897,0.06565472988648859,0.10647157640521171,0.12773984046746395,0.2687792669492203,0.23220092661418384,0.02399618684554608,0.36671670559129443,0.21128777996040643,0.8153517019784015,0.8691728509589921,0.9111963268576816
0.634125059390688,0.6796216286150711,0.6126608127370824,0.2745364956092319,0.15476017744273993,0.14757589906818455,0.1624856203030518,0.1494527503813987,0.1370837936916624,0.15839640080950151,0.1515196374841837,0.2837549569554131,0.398888438387066,0.5742614230652783,0.8346360011883608,0.9165381275173845,0.9309568167744997,0.9657140637981788
0.6302915420765115,0.4943381160577908,0.41298506665156137,0.24135870730628212,0.1682086677695495,0.18085621489662215,0.17411590062319127,0.16614411898216971,0.16486446649182546,0.16432676854117778,0.1847793938155006,0.2943672751329404,0.49865075334183506,0.6601772549409602,0.8502524606734441,0.8743118047624815,0.8908805006283331,0.8693022300370385
0.6510699407191708,0.6551690553693669,0.7108749012349299,0.6321131079663812,0.42420492771145335,0.26505812548964086,0.24233035686214907,0.27339209671117193,0.2727823890795355,0.3426330943834165,0.4061274277851,0.573038721535806,0.6957998756218761,0.781543232298324,0.8981521142706644,0.9532289528850206,0.9580895028275109,0.9600401823814921
0.6507935777242817,0.6780336579126269,0.656766047369493,0.511654755320499,0.21499694192874672,0.14190865287270885,0.12313486585680666,0.14280799853958984,0.1761286604472792,0.19591771447562345,0.19175048020077562,0.30313510735066607,0.44698002216870086,0.4406822267930618,0.7040325052170017,0.7404045959122254,0.7654477323214496,0.6721598832387653
0.5882883848267559,0.48828278312415435,0.4613121880894718,0.3039476809149994,0.14408566983763876,0.11323036362334195,0.12159367135081557,0.09721852058087191,0.1380084035321203,0.18984237420888447,0.1695281719218639,0.22327968126000342,0.22497247618474966,0.1808250586551229,0.4146454091279896,0.5755789523775681,0.6582270107816951,0.8278877657121517
0.6290098379328505,0.4896636165507461,0.4344826211596701,0.221458851972214,0.12617964955164826,0.1061387166794242,0.08737734194087309,0.06317855621264812,0.06346590245843334,0.08740456164509142,0.09105368664046543,0.17574623231210634,0.36016028062562433,0.6119554573530674,0.9391367998415082,0.9580255852167058,0.9675930348885657,0.9729097046294054
0.6976632245187155,0.6259323552804635,0.4938293264739387,0.18046038003714346,0.1149183710774964,0.09270697227689217,0.09644596022572506,0.08882810982108442,0.08171948450878452,0.07627674594261628,0.08575422977461315,0.1471649093945429,0.09165330130080626,0.691592502064561,0.859160131712974,0.9242676502750445,0.9468020802939994,0.9291175547706407
0.6626481240453641,0.5120498503041808,0.12728786896291322,0.039355020252154586,0.010106324315632772,0.0056152580973275,0.0029542361230014092,0.0018811193474722796,0.0038643412187670824,0.008774576337286892,0.019834744752538852,0.1819806451330224,0.25880767842858454,0.9411850868897079,0.882598622447461,0.923772242540426,0.908274954240138,0.8662358192687629
0.6835001058652563,0.7370389117686542,0.7388166940097585,0.6445176131678244,0.2159857717320053,0.14504554844604045,0.10507889995260832,0.0905856921744125,0.08385662609498269,0.08599391062313745,0.11307782046433383,0.20851418924718773,0.5280300153058727,0.7277274747909858,0.8552660753448432,0.8867934757062556,0.8344139519585261,0.7524515186553798
0.636934858644635,0.6378160575464695,0.4720448831565435,0.17678603598407294,0.1139645520123184,0.10589612109264376,0.1063745518184763,0.09473096963615153,0.09274934203219494,0.09376482654787979,0.1155503693911262,0.09251425888698309,0.09273187427236672,0.6706414955555062,0.7640526578273886,0.9164776405041467,0.9120952714841878,0.9060507675842946
0.6002471714328836,0.5989734685172622,0.5419734386360164,0.22411709895637527,0.15780123972080848,0.16346767806372464,0.17606130118429067,0.1675730999223684,0.14539814268920495,0.13227903138232375,0.16559736758567165,0.1563027187315798,0.15274740207690665,0.18455811396862068,0.27298310850931534,0.4964938301964688,0.5527239862893065,0.5174717721764938
0.6380853671452563,0.7061430167449422,0.6360551357264428,0.5140416349206007,0.22682746448395547,0.1975400745599468,0.18266200313156528,0.2239106437378598,0.1882058353535988,0.3086362155974212,0.384144397450911,0.5635649333662694,0.6950985548807386,0.7925240178493074,0.6794137618951902,0.9463440716507576,0.9659311281257397,0.9692255867822712
0.5813153308392901,0.4071438092136949,0.5284992147357658,0.4587254658306059,0.4514356568422277,0.36493837078372265,0.24990717141023638,0.20517166759516806,0.19572019599516668,0.1979866234468248,0.19065597836823947,0.25342023644225126,0.5012280038630087,0.5841313460830909,0.7180883621737263,0.748986885655034,0.7383192184098355,0.5896954732426692
0.6407345343617705,0.6690668003984515,0.6243396953009535,0.4979571210600065,0.2120305531754395,0.17269232752975827,0.15700062732614714,0.20096730812253452,0.20002099705949086,0.24948541850562259,0.29850799887600543,0.4889138708477865,0.5971434490181472,0.658619756975959,0.6090930369286872,0.926468625150392,0.9658006089941134,0.96921129814863
0.6707175118910743,0.6662295865540726,0.5970226218154407,0.284082572211237,0.17922723628104195,0.15179105193093242,0.14971421027276116,0.1367204568648726,0.1188314072383622,0.12190044058247522,0.1324495444790921,0.2390051157894923,0.5789591918274899,0.912257372015732,0.860764256917915,0.9575140214442247,0.9660707898496405,0.9638106982818748
0.651047269730071,0.6818660824324666,0.4946329841320256,0.11374668021196827,0.08820414047031265,0.08305779962470895,0.05624312155862678,0.041759890055189215,0.040642901407098204,0.04931058529347679,0.06334539076878029,0.181164941434879,0.18278505906521617,0.5646462678214744,0.9080305446760315,0.9531418302853962,0.9655289945342508,0.9401242535670453
0.6599396470269846,0.5029402501847327,0.24395732929885905,0.2547266507595847,0.19781189098725524,0.1386983747285943,0.06531861317586936,0.05037147360082016,0.07745115241729612,0.14119174757282335,0.08683492830894769,0.40765561209951573,0.3791295458497755,0.402815158833149,0.19353350760527116,0.6063853778247381,0.570744787204132,0.6348662224602906
0.5633772423328188,0.4942224035676513,0.43165198275156125,0.2766877025112911,0.17927520451052203,0.1393850428097639,0.1159080154746068,0.0971076688396166,0.08498063278136887,0.07496200339289256,0.08839218971891274,0.13030258987415172,0.31432327974901986,0.6173522474736469,0.7344363393602678,0.7346029414103105,0.821307934748338,0.8479910914899094
0.658317505816674,0.6963051280837782,0.6332044744831987,0.2858123795919839,0.1345131639944891,0.11564697926461909,0.08950404822459944,0.06663698633939347,0.05771289969874292,0.06807536575327222,0.08022029720586409,0.13102295843697845,0.2833888090291888,0.5617405520303229,0.818034117796243,0.8841928068709172,0.8104045702429844,0.7318986077897411
0.6487006927033219,0.6136416059054991,0.45511525903879774,0.16554998000325907,0.13185404207416637,0.10339988178592809,0.10092359918099306,0.23465330368016718,0.2891253665435333,0.24857316128601004,0.29245631768823604,0.13468105689316795,0.0956525179418023,0.04088380393002037,0.20577486210442708,0.5472303020958159,0.47523512932971734,0.21700703898149057
0.6383184737467914,0.43712008814025316,0.47162644703151585,0.27601720339938957,0.2030716661308319,0.12417991670210198,0.10713343716802862,0.1276491422462052,0.14757158522279526,0.13602466962701074,0.13514885998199352,0.13369756730439558,0.13896906837059375,0.17990843115241803,0.4741405685428956,0.5351224861454689,0.6752389679588574,0.7765324426330131
0.6809754858130472,0.6941895159589826,0.6463106725002465,0.5375635710872206,0.39115001405404165,0.2816131659786191,0.24030024910341666,0.22928252535413426,0.18615685878377633,0.17593179639047374,0.21889208930913584,0.4007499646751525,0.581182216408134,0.8176303926628639,0.9054127133086901,0.9561942296033001,0.9521419973714684,0.9505603192975536
0.6780866220763666,0.4989555343895781,0.2810350619843341,0.1582157014112563,0.14200886620183176,0.060552015049557345,0.015476973012586564,0.05806627271964922,0.11554456245980439,0.024728778025218553,0.2626827306461172,0.17627361390027435,0.14000431417870454,0.18125197151280056,0.7254317036855747,0.5139524708645914,0.7404147082314607,0.8413308263632832
0.621363105774646,0.6203138919737359,0.47488193288451386,0.17407568788863154,0.15163080086603956,0.15755672343335747,0.14811915772059667,0.13739946088901,0.08980906842610842,0.08128985461665601,0.11922445631953695,0.17460669639159088,0.3032250885494531,0.43928257023564965,0.6767260797920376,0.6867986898834177,0.7315387207188927,0.7814864774504531
0.6213631057746457,0.6203138919737359,0.4748819328845136,0.17407568788863145,0.1516308008660398,0.1575567234333577,0.14811915772059683,0.13739946088901,0.08980906842610831,0.08128985461665596,0.11922445631953643,0.17460669639159065,0.30322508854945346,0.4392825702356494,0.6767260797920374,0.6867986898834179,0.7315387207188928,0.7814864774504534
0.6149716407947913,0.4690302975071204,0.27214818374290306,0.10726797492086057,0.10408469557140793,0.10076722611420173,0.12729956254071573,0.1464435028299226,0.18844097536487586,0.12981409364305946,0.5410965037917179,0.2846917420367398,0.551107065745567,0.846135605457837,0.3900109067188654,0.8679363052458962,0.9338390907261371,0.9179493724228714
0.6290937916255739,0.6146554782962815,0.6010690179479463,0.4743046917262709,0.3361833849877053,0.22321282993669625,0.19648851545415147,0.18176567158269938,0.17522550950013369,0.1594431265764097,0.14842433404382335,0.23704430258398637,0.5124178990314229,0.9016981067649917,0.9286529870753814,0.800155714649103,0.7290039391653205,0.7899009992394874
0.6292415141461185,0.5861774608425905,0.5779032179341712,0.5109226680440492,0.4126750629350653,0.2486896949418724,0.1833768273081812,0.20384620400954878,0.19786930226033506,0.1996151760838291,0.18984815984670014,0.3932191492895091,0.471425469457124,0.7073899020408416,0.8668672798290237,0.9371288837059834,0.913084848817082,0.8894499406325224
0.5898380010310561,0.5457403264031574,0.4889088564528595,0.5554901877102251,0.37198406870531675,0.2699782363384287,0.20823707467230618,0.15142801950818835,0.09962304210478468,0.058752950646757535,0.05324222125348866,0.08405515341890642,0.2538700905583913,0.5075812320080969,0.6254031814347912,0.626784079092427,0.5311631649251218,0.7842467106161866
0.6254580022849461,0.5849250500906893,0.5133147205434091,0.40227920873085815,0.2262889067606004,0.13328207247940652,0.06705676332657269,0.06729913389848884,0.07091082520727193,0.1408848905082959,0.09625466845088192,0.06357177079760719,0.030081866006663033,0.04131244468802661,0.10621604105934532,0.17671386164239264,0.8573880399344426,0.9252313877936245
0.6911441776500338,0.48856356844487536,0.39761848913997333,0.1901086013330222,0.08331917732394427,0.039962963299863034,0.0044387066313509565,0.0029492100566733083,0.0024128103316171682,0.002986856735065819,0.02189963002695116,0.06101123262519656,0.08942635074726342,0.4246133556372535,0.43588918428710033,0.35867360317790364,0.46893117663722095,0.4475332941666124
0.6594579043610841,0.7600802203666477,0.6968466393004222,0.6018750562515967,0.5107578269025428,0.4206096486824301,0.32257436363142516,0.1970978748602602,0.16157440271421608,0.1786415996207501,0.1985006108469353,0.08774678356977962,0.12042989185490978,0.14779039651512949,0.20592198311864343,0.3485875432494885,0.46069096256060443,0.4512843367799102
0.6059234038808945,0.5073412807886384,0.21310156501241573,0.11728367290651097,0.06434687062293817,0.04272406733229678,0.02842003609423452,0.03283207398341237,0.041103492628388125,0.05208431481566957,0.04870387860756468,0.09691076781755735,0.38456215886899753,0.815820562465796,0.7696863384142577,0.7663701467165079,0.6690912953271235,0.7126130825897068
0.656713301085008,0.7067049165125389,0.7157651801497302,0.41088493993004704,0.1755888631339519,0.10331976293796742,0.0935876955970913,0.10859857183378115,0.10775129687877434,0.1528726870567333,0.1850465969676792,0.3876877362334106,0.5739555270543423,0.7601742176615073,0.7681629908776468,0.8138526786963576,0.9326444066355559,0.9615991542341283
0.6010726631136092,0.5582964875667102,0.524944102408771,0.19460215778961246,0.15229257967503881,0.09589895033438631,0.062441413779573324,0.03864152048100611,0.031608558044322055,0.03675698492260387,0.039953085900024415,0.12030443099494693,0.5701502860699759,0.8933293820166649,0.9481898947165104,0.9673225424662115,0.9725489453446855,0.9755502301309993
0.6790141780277016,0.7449991315892367,0.6191210134358891,0.2914669242502609,0.1405019994682772,0.04993903787740289,0.006663413743978835,0.005009459210172299,0.004969470792749961,0.00448456746719642,0.04954870730373677,0.42848450971051977,0.6527277918886426,0.7724467507307817,0.8700554682762919,0.9003775302477544,0.9009312242183448,0.8660133080124371
0.6513193423172902,0.533383866684049,0.2514207497441314,0.17601766098259752,0.13792170606257004,0.11331012514438955,0.08591195716552043,0.056135244923213035,0.05915567223595016,0.062396112606163366,0.0752164458178522,0.14514634831763779,0.1482153871106652,0.43478721885126326,0.5820667166362744,0.6003049861522994,0.5755694347221697,0.6142774238870609
0.6129981703225524,0.6030596902249363,0.4938000421199624,0.34227178417685766,0.1853441514879907,0.10161550147621738,0.06833528778273253,0.06737046419370453,0.10878105527067776,0.1117183603704842,0.11479672986874348,0.06013773024387491,0.11298957602481205,0.07985390855970297,0.043622125425360446,0.08858614374428829,0.24313184229609902,0.9170721240786647
0.6920393198445922,0.7078249391493481,0.6992469243007854,0.5982317857522882,0.4999173297997384,0.4535236568103157,0.3542239006132267,0.22113478926411623,0.15905765453494913,0.1613993323658599,0.19405723245701834,0.14625980096873098,0.12989696042673052,0.1741423186914757,0.22755206485505128,0.34090978285360607,0.3630410723127904,0.38675509212832604
0.6735048422702968,0.7006900409400174,0.645875536647242,0.40140800234458696,0.14788432119232547,0.13485764925173113,0.14259125235829612,0.16104578436040345,0.15554113000034375,0.25015107260857,0.18137349190223434,0.38298590395334964,0.4099375811227404,0.7410363259598545,0.8853219582015209,0.9140884642312204,0.8835432956681887,0.8436704429429013
0.6504651531831831,0.6923985619309821,0.5798605691410564,0.37490967206910675,0.23129515806938658,0.22003698366674998,0.29176184853259773,0.31786844307123635,0.17060175003779893,0.13864106242136978,0.16572442702756424,0.30046257186245984,0.509273746253105,0.4883448365511102,0.7510097760610852,0.7776496174287179,0.8573716626431053,0.9073702288613781
0.6808715085296543,0.7560734230993204,0.6458399532308988,0.20095978565598205,0.07706023249446219,0.035690289385412424,0.03693198573714892,0.07276712832232111,0.07504145948829143,0.16181042677876564,0.16684517484171293,0.2543835780355751,0.2633039609395611,0.4474155054781962,0.5145533874002068,0.5607647860039832,0.6479286474300772,0.6811770142024755
0.6404466655833885,0.6264923599476819,0.4869331485878935,0.2416935127939364,0.30646837610950156,0.21784700963545042,0.3079719096048715,0.32653263710572633,0.29695772394975933,0.3579728711196845,0.346918013805486,0.329968829269309,0.46159225557870365,0.8600920032244552,0.9086830596742203,0.9250711691683754,0.9327763308327026,0.8912405873655872
0.5589099407384528,0.48054399645684653,0.4224492603365882,0.16477251577488244,0.11935394922344818,0.142037367332636,0.15645134956095727,0.1435423311737684,0.10824964406255527,0.0972669775933942,0.06356899252064997,0.3711436505428531,0.47161544535752936,0.534726025031623,0.6516738526704912,0.9350253497713497,0.9577621503122089,0.9683512793267733
0.6107820545306277,0.5306545409137382,0.3028028301229211,0.1579391857415098,0.0657380369846706,0.02517386845464783,0.00583020560145594,0.0035227336032775092,0.00282097838258223,0.0037175937501062522,0.006043974817163281,0.03460159631699128,0.1418954413774155,0.29300260507957265,0.3944173438067232,0.2902743118778548,0.36043060972264496,0.3299464607176846
0.6925496189446084,0.5562543070133705,0.41890192027636847,0.35834288497123795,0.2042390511233813,0.12949602355529086,0.06684838447548132,0.05879263140141017,0.0793296392205362,0.09381947503712187,0.18847103492116363,0.10772972201498869,0.3005042914696863,0.695509242264304,0.9253042427961493,0.8890085312967635,0.9523249844378942,0.935171573900262
0.6354041507904995,0.6695665653719476,0.6115483633102616,0.4805460074667094,0.22345716090874007,0.19879592925637643,0.16513095846711562,0.11455607098585831,0.08140237443477863,0.11598187512113678,0.10497470931931746,0.06364221721539044,0.04197197185510555,0.028030696689411914,0.0713843799280734,0.1838833716168145,0.8917931569544818,0.977057863643525
0.5716336617299699,0.5166917195658184,0.36562007135249086,0.1735601419644232,0.07393230525760675,0.020918145713251613,0.004919345470190414,0.003101102758130393,0.002405494843372889,0.003647804337530833,0.004426385304177198,0.048249805493662964,0.16284642408365088,0.36659836531686113,0.5048327842069145,0.43674512542344346,0.4495841248830448,0.5038995213632683
0.6616191455915184,0.6658015931958454,0.6026637277292629,0.2465445475909635,0.113788025272803,0.09989369865314508,0.09915505718708459,0.0977186185113941,0.09979242391922466,0.12654199175800426,0.16261059274637973,0.25355910909515383,0.5274344343289977,0.5154619948461929,0.9050722125915421,0.9168515439376177,0.960116565542471,0.9643262350970305
0.6265537101522786,0.6407532485369858,0.5449390673649785,0.2476545752744204,0.2365492758590939,0.22453264272891368,0.2126191046932443,0.27786058548322823,0.3393421261332326,0.4311624134946559,0.45324010628364003,0.5235278765001659,0.8264122010408307,0.9406231952480681,0.9386431170153215,0.9404755486652787,0.9325254278027476,0.9264056288981912
0.6554790157184527,0.5696532932543995,0.414324257923431,0.26286648499350274,0.16898766881152852,0.0929852401302983,0.05332934287750772,0.057020552224916914,0.09247637392333301,0.13761700845989486,0.16555500421531638,0.35399177209042515,0.0021516900119046833,0.624732773236069,0.970036926878078,0.9566609237658035,0.9514088599740116,0.8781132928335337
0.6354675044448571,0.6599371568681361,0.6190479873357368,0.28793224034434,0.18820695938260423,0.11916019068464397,0.09062817687942043,0.0667359973122216,0.04508422550987921,0.04354185618279214,0.06013347121966394,0.2934241942948024,0.6050191512280332,0.8150991658104343,0.9182717359687733,0.9492064712182561,0.9679569537287135,0.9747252862351212
0.6698243414976535,0.6922661113099357,0.5845898382969518,0.20723404862372288,0.13785226417628166,0.07379477760445262,0.041121829857801,0.011517224980355675,0.005391638571554838,0.01870495910017584,0.060875713702168335,0.17589506014303605,0.3735255873941889,0.615624329975686,0.740843239907997,0.7771554453673142,0.7709469782161334,0.7472270270049275
0.6798798108189346,0.5231626799711734,0.3107365079114554,0.13868566959752507,0.061071270690211434,0.013055793963876487,0.00277593688539839,0.001159540718937349,0.0011698809161493778,0.002271005987823317,0.03982439331181109,0.09165816873605066,0.18611218549391798,0.24702620287765598,0.38877214615585165,0.497601742204188,0.4231224530491826,0.5294348009478023
0.656040491983853,0.6693401615078461,0.4907744515655676,0.36307352347337496,0.2781815403754409,0.1616952629711777,0.07896991912471983,0.040441393695512355,0.004953090994276533,0.0037564558039878395,0.007974304151851143,0.063027309997506,0.1888038837400827,0.2596230276798769,0.3875736166851853,0.5815525889814974,0.5734230221224199,0.6598202298094313
0.6666944024312655,0.6473764398939448,0.5324050852831579,0.21384318181117137,0.08237692128175024,0.052562838928556815,0.0775123407347823,0.05268561282863312,0.08523303125033181,0.05577642246884821,0.05906219157146364,0.11489831371369394,0.4034093746601018,0.5715705469870951,0.7771334259425571,0.8353810106698194,0.7654106838837108,0.663983211884902
0.6246542623549685,0.7485430653847005,0.8410449028778962,0.8556631549416345,0.711904218134147,0.39780083859263565,0.33277183773725627,0.45104250648669697,0.3680302393232426,0.3075296235421083,0.402076487711608,0.2938128667473974,0.3356693296452931,0.35617908706086304,0.4607987133185088,0.34486639744694236,0.3428655418264156,0.7342816389397355
0.5598613136122687,0.45807024201861773,0.5048068526210537,0.35815254202136976,0.22299994425056907,0.17794942576028566,0.157748502388958,0.10129069885511945,0.06296505148504775,0.07020313295440388,0.18294446825684632,0.45540280745403616,0.7332161823772094,0.7600464177694142,0.7267064971082292,0.7492036461523025,0.6160693362647761,0.48269178138148594
0.6975247037454074,0.6366410460680939,0.5013542220803663,0.33737423147390844,0.21780039754484923,0.12931651323984042,0.053190174666253996,0.023474905462469792,0.004198022514168867,0.035790630163103826,0.07970103150607728,0.16725731073533295,0.5269517701643374,0.848619409510865,0.9251933853173515,0.9303535627457282,0.9350746283455748,0.923015287152259
0.5189883974478536,0.03890577212850433,0.01755143916914434,0.013874327381445048,0.008791869490460562,0.005021205849478987,0.0029800864695085794,0.002381434806164489,0.0033547906192292836,0.008321596664989765,0.050925073137202674,0.21715995054827317,0.1432979519552348,0.3080651532545836,0.40909388763161225,0.4323010873800427,0.5390768898366414,0.5560345807505394
0.6381613356462442,0.518612832066117,0.4867314559918554,0.46218834859357777,0.3513758582251698,0.14835854921032435,0.10270080929319773,0.05747344158744584,0.038023394513839896,0.06576119586179992,0.13075925726213958,0.24488281319862257,0.4951164116445792,0.8274215333274764,0.6094087378845814,0.6201055397493815,0.5727977294393892,0.5788828737250385
0.6614412291602142,0.6932313114441401,0.5937914801279469,0.39457267319730444,0.33378909061287876,0.24718541223193333,0.2083876532018046,0.23797585825915135,0.40363517279906497,0.47399103424696537,0.3962264086802976,0.6344366870471595,0.9307747871957682,0.9534757495435902,0.959505370493899,0.9607441634246195,0.960142343521525,0.955434512412911
0.6402064026569172,0.6231558284976387,0.623242590680359,0.43669188373442874,0.14548343982111897,0.07849049947216093,0.06162961238569285,0.04367764042415921,0.028007640174519368,0.02042793184287351,0.12174402211028085,0.2686797356143466,0.25542694582567166,0.43293299430668564,0.4474860519508806,0.3274664371121306,0.5167013587888805,0.9361744773823142
0.6397029157513424,0.7499263803766296,0.7633407208111835,0.4699848432258461,0.28366984915654775,0.2224595918593714,0.19542270407529388,0.21225635483695235,0.20008679630390427,0.18390348666091524,0.18610891265127696,0.3136179478879055,0.497100312513873,0.661193113734702,0.89517050816856,0.9321513719573826,0.956812601660804,0.930902292358325
0.5722142931152414,0.17862056037785645,0.2630306784007526,0.17370952731729597,0.0662978793932625,0.0016369515342553832,0.0009392608207218859,0.0005916505170570895,0.002772095083646265,0.0018467130719422172,0.028291929743790183,0.013456830086315827,0.032035907502256405,0.5603848879707017,0.7397498864166443,0.8649215657692666,0.9358597000229293,0.7880678945021676
0.6630000084784852,0.5281518041425617,0.3956782825904118,0.20149588441939426,0.08643158716538478,0.03137092379571978,0.005132508715179096,0.0036917433656969817,0.003526448854723163,0.005303263735967726,0.006926388978692195,0.06875172945459015,0.1436915357266299,0.4720425947498484,0.3774543708065205,0.35478655246241064,0.4198840682579003,0.4043156558411759
0.6890088995208288,0.4636362191819387,0.32169998017810125,0.27255662053252017,0.12693582208574944,0.03415808938659086,0.005219529609091523,0.0039994863462403185,0.003602994131162631,0.003824588586224128,0.004376339654409793,0.012124644908480406,0.5039818532084873,0.5832816862859803,0.6033474900032615,0.47219689050226044,0.35239076165883026,0.407283469812429
0.6522526067910497,0.6319011552071248,0.5737280140484323,0.4694307535348909,0.4759732801780492,0.4270079438811822,0.4580807671558827,0.3806684432400551,0.3320817742756665,0.336747429591241,0.3946430519161963,0.5519326811522461,0.6936901024112797,0.9707316419929389,0.9652136365977693,0.9551356362533133,0.9569121299332343,0.9499300841175307
0.6446474912726999,0.5661824402249668,0.39892098533350734,0.38174551447834576,0.4987027969314417,0.5518830017644027,0.5310426024486643,0.41655267699482756,0.318720001831701,0.2609333015783754,0.28276408447464996,0.2681178612995479,0.3845578720416707,0.493101615182358,0.5078196899426758,0.536083604194476,0.5189315759878814,0.47501335377615533
0.6279321993104081,0.6276136980751542,0.5859315429835968,0.4504988793974142,0.20122879891272563,0.1278044052139407,0.13835125319339434,0.18849661201059714,0.206036636857212,0.19575155461922947,0.2358957255311858,0.41613210266278966,0.553409796471914,0.6446327295238137,0.668417731000042,0.7737749957092654,0.6448296504504173,0.4358954253387343
0.6765491657226318,0.6277382745348599,0.5196597086911737,0.35500226698488,0.3827045510223276,0.23672952419550297,0.16063877455369224,0.16550985197569623,0.1638421544972193,0.1913183426681463,0.30077979749949196,0.23303856002766477,0.0997653793981215,0.033257554473713716,0.04014946179120502,0.09882699110515088,0.10804324237183094,0.08084887862315632
0.5820501431124577,0.49112134304728017,0.3492748217290587,0.21434971878357137,0.10904148051753967,0.04110173384986646,0.00973695169765409,0.003112810731027754,0.00320069016990298,0.00498262354060291,0.00774121245674286,0.05293005488289568,0.1682887221902632,0.36628425349234767,0.4702215857880395,0.28522704924431036,0.4099906254709195,0.46635270199529427
0.5723415004119408,0.4799483753680616,0.36940075918552007,0.23172033383654012,0.10180937149200878,0.01146794928146125,0.002387527123042686,0.0032964283781261755,0.0033374533253883224,0.0037861770409035127,0.0009112521436039292,0.1116714663607731,0.5226291807562582,0.7911381770197559,0.9325565674158881,0.9537453117635755,0.953708528595483,0.5987444590892246
0.5412042612967767,0.4832882610896689,0.36379382564609847,0.28804296886223063,0.21638176779847107,0.157108520866814,0.17217596492746448,0.17626911984877044,0.23355490542097854,0.4701398616680525,0.2618526644842094,0.3419098699886331,0.41685674086876423,0.57760416656082,0.5599894779432576,0.26509882295868836,0.1056654800377247,0.429705221731972
0.650573953842162,0.501737480648121,0.33666384457574766,0.19153584038996652,0.08212988385633553,0.02305595145143675,0.004451732491859166,0.0026681947328651315,0.0030350978264898254,0.005525084161020859,0.015177467780755287,0.10618001722948371,0.10960212017574807,0.1260370876576725,0.0852705342115615,0.16371788228199058,0.2118986328313114,0.251240120462557
0.6497868773447433,0.5472450880596451,0.5067820665768544,0.2447086842467773,0.0818663739393289,0.0427819584937411,0.0665201190212147,0.1388777671447102,0.16422353047563676,0.14366527086733946,0.2163191157672668,0.4155483429031562,0.43505234400481874,0.43597254645284783,0.3009340774518731,0.2504885585255544,0.3781609939952907,0.7100661560338682
0.6891985685461913,0.6910061176246879,0.6136165679231537,0.38190818142887456,0.30835482425452954,0.24325571762257056,0.09167278622717316,0.022002698669105057,0.0057052113659766535,0.012407486203486907,0.017769118820113915,0.2883901615446247,0.9395999202079539,0.928214790350011,0.8138288089457371,0.8050930751141586,0.7526966182047072,0.6708874804439446
0.5727756148024046,0.49785096312709115,0.3230675610410872,0.18096817468323065,0.13762884291147112,0.11381093256169106,0.10696727225731624,0.10258680775588498,0.11180395340666033,0.14841580334556184,0.2033282747991045,0.2851027523702894,0.5155212874172462,0.7444852467174342,0.7581286280146935,0.9000354716763964,0.7883373116610456,0.6905226370963378
0.5827901248262949,0.5170597227869504,0.39417067068891637,0.30820851631278,0.15317115430480607,0.04503492109944041,0.007721630336326264,0.004089492964609334,0.0036363397930422115,0.003870247564816081,0.003531834709938874,0.05824891307446681,0.4491369862590648,0.44795024895179597,0.5466308681111501,0.38200986125199776,0.3043956064599632,0.30484965979587425
0.5905635152300174,0.4479771956388446,0.39236984266557245,0.2670968016208902,0.11675896016066786,0.0866247362404265,0.09262845824723422,0.07560380042606005,0.09525800655543887,0.14348348597094138,0.19497055204653632,0.2502149348120443,0.48708187842603434,0.7123276274045865,0.8746725355810416,0.7598287307248454,0.6803129939154821,0.6186712098689058
0.5923846102839603,0.604929726395027,0.4608336321396305,0.1800564515564401,0.15831350281865259,0.2055294136819601,0.20379901490858643,0.233137998734238,0.29676621671552367,0.3299631040935846,0.3986534161698565,0.6768680222575392,0.814228842731302,0.8585772321987122,0.8395376128469777,0.8632508393078618,0.8880765442682267,0.9174078643376031
0.6124745001925855,0.5500328022217279,0.5167024606195821,0.41340804746546955,0.19483637316232835,0.10198783633227423,0.09439114310046487,0.10566494085480636,0.16100203675919447,0.16224107374067007,0.18773985731172982,0.10668518771095788,0.12404742128757637,0.20977205205647237,0.4496871718849099,0.4308639734261192,0.15540458556616193,0.30180062345482217
0.6197325134513836,0.5247844620874162,0.38288954646090817,0.20180745536579853,0.08209877768589893,0.026646171894190124,0.00466247143332211,0.00298260442924275,0.0031505797467605637,0.005421813880151607,0.009734316686856107,0.08019784219503143,0.21473188815930597,0.16030042364611524,0.14927392619088534,0.12658757723219974,0.25182703184821376,0.2384868774916506
0.6330420836487163,0.47649055182657335,0.452631792969152,0.39580237322450285,0.2893584710034814,0.13907751889710546,0.05398118957510904,0.03236347209690072,0.002990220022437857,0.0025575844871684765,0.004502888041109422,0.013459520340614001,0.034071050113997116,0.10854521193100801,0.17738772667276823,0.28493343991875697,0.42717879420007393,0.5725922070222466
0.6140073487879901,0.5274336070470488,0.2955645036089293,0.18286495434012828,0.08988597721019877,0.03244407282498791,0.0027989293152910627,0.002400124674852049,0.002545733868259951,0.005060355842841298,0.021415217165759077,0.09000215568867458,0.20065855009980565,0.22651481323350237,0.314549820479233,0.26106276966691866,0.26454416528718555,0.2692767589549408
0.5779396616361412,0.5159123320467726,0.4847275565351742,0.40026933136363596,0.18056071343744098,0.09784182465113546,0.0838011844802106,0.11058638962985068,0.15560198184087143,0.20145523871726245,0.2472078673610685,0.25263542989486387,0.13323196573741214,0.19175649010885398,0.5167829892500228,0.5627402557631399,0.35672837149032627,0.3429029803235785
0.6321099984742833,0.49518183089342876,0.32443534648333233,0.20157947452752836,0.09343093197901538,0.033965920391569,0.0031536007779275855,0.0023423836650762492,0.002530998635733056,0.00523529650108611,0.024269441937604577,0.08896777408288353,0.2557362993661212,0.25312510122017756,0.2271844151259762,0.15319089302997965,0.27163150240467604,0.27279566101057173
0.5980289529685824,0.5182566746457882,0.28492220379930094,0.17021162352065772,0.09380642431205405,0.03535574500035943,0.004050524060600613,0.0026287832855250094,0.0027606052009846874,0.005331505982240853,0.021960333778321222,0.09494280614760708,0.11593291515207095,0.3021257319355065,0.5060807717858449,0.4621212869376323,0.5537179068683529,0.32076842101531183
0.6181703910346581,0.5643031080406852,0.5320115972123514,0.42823779842365545,0.1846606838087232,0.10144423365895415,0.08680837142938463,0.11296931539930165,0.16590438773767444,0.21457174622374436,0.2352834392793396,0.15675230692645045,0.1055605692825853,0.15567921675394547,0.48207017831058213,0.5821141121831328,0.19492202553800161,0.24713798700656303
0.6682953372287654,0.4026021764746025,0.3042431215391486,0.32269394580034655,0.33598518786662596,0.22335584440696998,0.18992593666866606,0.1662238568098377,0.18436581789617185,0.1938165185776978,0.23510985475500357,0.33490800387495007,0.43120289883386037,0.8821367835056902,0.8929877503046113,0.796679713306304,0.8385088355670184,0.9271964145409104
0.5827445524573224,0.5184456113467939,0.33974202597637737,0.16734178080374862,0.09888313247898539,0.038599748531190664,0.004022768983880946,0.0024098444781045234,0.002600883842799279,0.004647735136301196,0.0287722433837136,0.08175763514601096,0.24282410867580373,0.489362184083584,0.5477367515764978,0.5741138659524221,0.5987262877386208,0.6080849212196453
0.6745540303548737,0.6281743255995178,0.5845313810826792,0.46941281803848944,0.18453607994492213,0.10606227369995458,0.0915894697243618,0.12230208528685936,0.18050839717200245,0.22323009323515658,0.17488622583021238,0.14468285449816493,0.1888724508350583,0.2205191581442675,0.45842149718548153,0.5146153091121463,0.25606043980368787,0.2950078320259793
0.6058190424167856,0.542720820018432,0.40418468875973157,0.4031747348561134,0.3107034506556886,0.24770858237549098,0.1798877970220594,0.1270114164185013,0.10933923400572239,0.12084035460438564,0.21275211119440643,0.3298992817791389,0.5890064653895568,0.8026227188406776,0.7638993651359904,0.6444895428735159,0.5859732510383525,0.5834707450452181
0.6024434942679755,0.5346919580363861,0.4519206536514681,0.35503757733333846,0.37378248510209855,0.18182696551840705,0.16361203152810122,0.1455722543862705,0.1381522821464236,0.13629328691915144,0.1389011141362399,0.286426828133625,0.4992419223994737,0.5839840304206859,0.5537097219138369,0.6627946165237465,0.7041530535375644,0.673706316421703
0.591639260319139,0.5922761849801811,0.4860616879524948,0.3303388643754684,0.1541340230228453,0.011487529156043421,0.010123844455942445,0.040620934447859504,0.02722311681879374,0.016727395848417908,0.0330520997035749,0.7531604420059126,0.9033437518603463,0.9282858945823835,0.9158508860309666,0.8959629041992262,0.8291250026349739,0.6842259256376854
0.6234925491800916,0.4676396544334699,0.4189635984128885,0.4744334845377168,0.3461737267860358,0.27244941823454755,0.19124854653070203,0.16437577765103592,0.15066274181707182,0.16566600583755214,0.19765620251306412,0.3226835535973248,0.5624837674028471,0.8818813842259193,0.8777386405718557,0.8694023978625848,0.8926712570956744,0.8215308975410077
0.6939941259211302,0.6539977583687098,0.5196398465382898,0.346322291817095,0.3460056311995594,0.28315065963590885,0.269106083730322,0.3181156041682804,0.4115069546551918,0.3962193562855085,0.4836880616097107,0.6075783375082843,0.8019345118555338,0.9231729656781058,0.9271352056731671,0.9301777736343153,0.9236857767807013,0.8945812205513097
0.6583722537601495,0.6795505604440838,0.6362004310002496,0.49373368049191824,0.26140876131617913,0.12882865394904885,0.13802203786139658,0.18014632332955255,0.19200841457928577,0.2212202109569044,0.37213547860201307,0.48353601895590614,0.47109092605326447,0.5297972027021921,0.28346755722250067,0.2917448494039164,0.4722546559640272,0.7560377276750917
0.6415431496980692,0.4326887843039129,0.3357252733184825,0.42373734467625584,0.3392713452652967,0.20674872034218902,0.16588301471058559,0.13451426901949232,0.15615292922246782,0.16613957912186006,0.2691339265454189,0.329867867297241,0.6567048904716118,0.8874843186453788,0.8808180806588052,0.8957593807168963,0.9118702636176405,0.8705920203730676
0.6660248407229793,0.49549116128625426,0.3738941430834029,0.24400148987739878,0.21705152479639436,0.09469265688031325,0.03491495440865395,0.020973078606376327,0.004258974712716742,0.035679258408742864,0.046886099258733854,0.2922057903749016,0.6044181684005958,0.8222475548662329,0.6692032539026216,0.6339711477844061,0.5827409702328837,0.5080245398707255
0.6666373089454999,0.6467738967225913,0.5242859724108532,0.49624474627666604,0.48258384808763194,0.4307558408909185,0.366156873687733,0.2955572980712483,0.2633441467378928,0.24400328857319514,0.27657112031139053,0.4951353927642597,0.582603158910164,0.6803034089273405,0.8511407875113921,0.8800196080591907,0.7841317801959732,0.6940001880341231
0.6059333013072596,0.4290522585942337,0.40625386670049485,0.3546245462846029,0.1507124319475608,0.1251962410056375,0.14531545324798498,0.0818125761993271,0.07320174155916992,0.014446554337453931,0.022474500979315432,0.2642884562108526,0.6505267349299337,0.8910983102273167,0.9339391223622807,0.9365066439267345,0.9102362186331472,0.9071775387464835
0.6027131579735188,0.511210965462746,0.40435357448146475,0.08828013400015544,0.09912195533546489,0.01159658116140069,0.009346302535290337,0.006820208370324288,0.004473313376132869,0.0017476107402216838,0.05821561489115071,0.22084335797260873,0.3863719567565431,0.5731670645396283,0.5076661319296089,0.7586232820723728,0.7688431032108638,0.7754785584986311
0.5777741737187255,0.5829794563647679,0.6569318069345013,0.5530815465638833,0.4873980833481194,0.4020421407684491,0.22664773973749572,0.165471769652277,0.48112154029735227,0.3642668315233439,0.24715583338578664,0.22446671911316704,0.3544419531060117,0.5173030869353511,0.7713223104836882,0.631395917595076,0.4990652911322807,0.3432419009501689
0.5651355353226697,0.6041208082679355,0.5369379329620843,0.4223384800939001,0.3736661939183953,0.3563040019296149,0.3091103533634289,0.5460373869566055,0.3143056490248887,0.09822680500038758,0.12547526556584757,0.196937891184241,0.37006721995835984,0.5511529746018476,0.6769843363620358,0.7597282444680867,0.686069292922979,0.7137717555439326
0.6138783101149621,0.6714769665828112,0.4593101815203078,0.447754359686134,0.42652224986391934,0.18320601645455414,0.09161826488049886,0.07164529122459426,0.08740476113587373,0.11901367297682203,0.28653095343186213,0.17070791370740473,0.14965245781119424,0.8916761140353686,0.8525263993560042,0.9185316550627595,0.8283270994835109,0.8397020032706684
0.6533264618489719,0.5071769461618233,0.28318760969565987,0.17062108855595454,0.0973767757858978,0.06629788383226046,0.05925842053521244,0.06508075634944634,0.061118209996617566,0.030021503633903487,-0.0026503522457885786,0.28143361418905266,0.6119102944214998,0.7660058758455507,0.8975392680483099,0.9209598849699318,0.9083535819975272,0.8776983544177177
0.679736039907246,0.6923760958448197,0.4310318742814544,0.1993392465820367,0.1596732657056359,0.15915720958565693,0.1857871089615847,0.20887333740426126,0.23372968453545234,0.24229085657680535,0.3276964941703731,0.524948349318566,0.8185543095382405,0.7988875708180412,0.8119826815236055,0.8881826084707545,0.92012405508812,0.8533019548325664
0.6003178120214907,0.5990512269203125,0.479384640890751,0.32727108027979357,0.11628585423480535,0.05910563335939335,0.0051596421134095065,0.002841724318540032,0.0023444900166055167,0.0035790381162751745,0.0058126275738995216,0.01780035799348546,0.0398709094290544,0.43114266648140803,0.8873696075549574,0.967226992011124,0.9656888847037143,0.9078828904421186
0.4830019591415069,0.48202908600632177,0.03811682461139225,0.021420264304514637,0.04116289127793918,0.008471593056228079,0.005197069568680325,0.0036032563819965472,0.0023041835853094875,0.0013924115766358756,0.041386440768242085,0.12921527058652826,0.3416296154018052,0.44513158398756203,0.6677990512632391,0.5908196470948068,0.35877310155568176,0.2304326146399898
0.6530522651453338,0.6602871797675509,0.6498073888358222,0.4788715426406751,0.19986861088268343,0.13176060777086002,0.1218100497974182,0.1264446961127827,0.13379090836186075,0.17467042415715095,0.23263274237288778,0.2764787205030453,0.4510701258922294,0.5941248660158324,0.5325543385420589,0.6265592972010807,0.6503674794082558,0.6368347130406813
0.6861292118414033,0.3800670267179154,0.3779567629842612,0.23946466396565863,0.1479287974962662,0.06946978268394581,0.0004876593949574778,0.001137293045611368,0.003062286876211215,0.01644071823506681,0.05333935518619059,0.10060879862537454,0.13156598382466328,0.5292730880762673,0.8728522420475664,0.9194504088919536,0.8531639731833881,0.7875961438759225
0.7255424275795833,0.4594140796591425,0.3478820680711338,0.22653558931239287,0.1464019113317746,0.06067677770243911,0.0008716028337579294,0.0014816350044108968,0.0015422294450079246,0.006187260126899685,0.04253081565615923,0.10120531395072871,0.1507471302510644,0.5055604528184698,0.7489197511668961,0.9316745022655809,0.9052952941405075,0.9274584822859572
0.6361650199509883,0.7767658854211177,0.7729434586404605,0.5782748999964052,0.46828947730280596,0.30114845830007114,0.21761326637997763,0.16475758536427745,0.1289988093225172,0.1317391894275563,0.18951104767376978,0.22394185761871618,0.1833455624168492,0.23959705384514957,0.23558681092226946,0.21055139962234648,0.7459607413107091,0.8118588892064778
0.6699116962995921,0.5435691571068586,0.32806550998596246,0.11467354720127401,0.10405965286490125,0.08079340212009857,0.033149516700373305,0.002481377043392964,0.0007370703163881138,0.00026382592377573465,0.015562282400292764,0.20973045177665212,0.508137098732844,0.4380567227698667,0.900813958123647,0.9054850974162092,0.8528637186049723,0.9030294263020429
0.6966317951673269,0.6570220348688096,0.5276425434689965,0.32547057884625513,0.19202097513569835,0.16490622392125384,0.1603797184618233,0.15498258435112658,0.14815769540853427,0.13683426593073944,0.1272085299928904,0.2051083693505685,0.6001005211495373,0.6892678043874291,0.9019030641026633,0.919025520391343,0.9219495306316798,0.9101808272908769
0.6838979957331284,0.6314536011191874,0.6045570727894648,0.5666756715555918,0.4592138102223263,0.38266456581650793,0.29542777355380406,0.13093771993603187,0.04792002973064488,0.003001597118207845,0.002528708532337215,0.004263426327134383,0.020007154790372544,0.5090597048813706,0.8087166898082169,0.7490850981449471,0.6844876863486867,0.6089124190810756
0.6784648163798455,0.6995891405847596,0.623761078600608,0.3394037268523367,0.23123907925103826,0.3018498913642979,0.30765647456819134,0.3160566261586735,0.25391444807414376,0.15821948373137582,0.13354084182386314,0.15311188774791265,0.1902911350115658,0.9193101414766423,0.8711456249545462,0.6801112086476349,0.6468571078521828,0.6303219446712834
0.6130255373323126,0.6834001730427584,0.2727710842910604,0.22067698019886156,0.24635051273582417,0.06978576329748082,0.10177600808433494,0.08712885649207838,0.10425059131992646,0.1738513939335991,0.1862129581058367,0.2227404841768194,0.12355048909935105,0.14526972650488784,0.26523656577497406,0.6928251168517291,0.9034131432256888,0.9089007426294468
